AIN0, AIN1, Time(ms)
10.093859672546387,8.064496040344238,0.0
10.093859672546387,7.932002544403076,100.0
10.093859672546387,7.855976104736328,200.0
10.093859672546387,7.828531265258789,300.0
10.093859672546387,7.81591272354126,400.0
